MONTH,BOROUGH,BOROUGH_ID,REFUSETONSCOLLECTED,PAPERTONSCOLLECTED,MGPTONSCOLLECTED,RESORGANICSTONS
2023-01-01,Brooklyn,3.0,2885.1,284.7,232.6,
2023-01-01,Brooklyn,3.0,4385.2,256.9,435.0,
2023-01-01,Bronx,2.0,2851.8,274.9,340.5,
2023-01-01,Bronx,2.0,2444.5,292.8,338.3,
2023-01-01,Manhattan,1.0,2554.2,248.7,231.3,
2023-01-01,Brooklyn,3.0,3092.7,410.9,398.8,46.2
2023-01-01,Queens,4.0,3458.5,358.6,511.3,
2023-01-01,Queens,4.0,4717.2,436.8,801.1,
2023-01-01,Manhattan,1.0,2097.4,225.6,236.4,
2023-01-01,Manhattan,1.0,4305.5,953.4,727.9,48.7
2023-01-01,Brooklyn,3.0,2136.6,526.3,403.9,104.8
2023-01-01,Brooklyn,3.0,5014.6,583.7,544.2,
2023-01-01,Brooklyn,3.0,4244.0,483.6,341.6,
2023-01-01,Manhattan,1.0,4853.8,989.6,727.5,
2023-01-01,Brooklyn,3.0,6442.9,741.4,344.0,
2023-01-01,Bronx,2.0,2116.8,139.6,155.0,
2023-01-01,Bronx,2.0,2051.0,137.6,159.4,
2023-01-01,Queens,4.0,3649.3,441.2,520.6,
2023-01-01,Manhattan,1.0,4485.8,405.8,465.7,
2023-01-01,Staten Island,5.0,5084.7,591.6,681.4,
2023-01-01,Queens,4.0,4497.7,352.9,498.3,
2023-01-01,Manhattan,1.0,2387.0,197.2,172.8,
2023-01-01,Brooklyn,3.0,4974.9,532.3,599.4,
2023-01-01,Brooklyn,3.0,1976.8,190.9,242.5,
2023-01-01,Manhattan,1.0,1341.9,352.8,221.8,
2023-01-01,Bronx,2.0,3882.3,275.5,351.3,
2023-01-01,Bronx,2.0,2282.3,147.2,195.1,
2023-01-01,Queens,4.0,2654.8,375.9,375.0,
2023-01-01,Manhattan,1.0,1247.2,260.4,169.2,
2023-01-01,Bronx,2.0,3508.3,290.1,455.6,
2023-01-01,Brooklyn,3.0,4602.9,469.1,435.2,
2023-01-01,Queens,4.0,3441.1,419.1,391.5,
2023-01-01,Queens,4.0,2740.9,464.9,432.8,
2023-01-01,Bronx,2.0,3623.0,336.8,550.2,
2023-01-01,Queens,4.0,4079.6,648.3,634.8,
2023-01-01,Bronx,2.0,3599.7,226.0,363.5,
2023-01-01,Staten Island,5.0,3944.6,508.0,503.7,
2023-01-01,Brooklyn,3.0,2686.8,529.6,394.7,56.1
2023-01-01,Queens,4.0,6169.0,764.6,773.8,
2023-01-01,Queens,4.0,6258.4,485.0,857.7,
2023-01-01,Brooklyn,3.0,5679.7,693.0,446.1,22.5
2023-01-01,Bronx,2.0,2239.1,315.5,381.8,32.1
2023-01-01,Queens,4.0,3981.5,332.3,499.5,
2023-01-01,Staten Island,5.0,5277.4,716.8,658.7,
2023-01-01,Brooklyn,3.0,4132.6,309.6,435.0,
2023-01-01,Queens,4.0,3041.3,455.1,449.0,
2023-01-01,Manhattan,1.0,2272.7,425.7,326.0,
2023-01-01,Brooklyn,3.0,2557.3,357.3,288.8,
2023-01-01,Queens,4.0,3010.1,235.3,226.7,
2023-01-01,Brooklyn,3.0,3422.6,465.8,476.5,
2023-01-01,Queens,4.0,4615.1,619.3,686.2,
2023-01-01,Bronx,2.0,3254.9,221.3,348.1,
2023-01-01,Manhattan,1.0,1783.7,418.0,288.8,
2023-01-01,Manhattan,1.0,2736.8,473.4,345.7,7.6
2023-01-01,Brooklyn,3.0,4245.4,525.1,506.5,
2023-01-01,Brooklyn,3.0,3123.8,264.4,360.6,
2023-01-01,Manhattan,1.0,2652.4,295.5,249.1,
2023-01-01,Brooklyn,3.0,2189.6,97.7,150.4,
2023-01-01,Bronx,2.0,1497.2,97.8,131.5,
2023-02-01,Bronx,2.0,2766.2,164.2,270.1,
2023-02-01,Brooklyn,3.0,5120.6,568.8,381.7,20.7
2023-02-01,Manhattan,1.0,3869.4,343.6,407.7,
2023-02-01,Bronx,2.0,3001.7,243.6,452.9,
2023-02-01,Queens,4.0,3108.1,335.4,409.5,
2023-02-01,Brooklyn,3.0,3946.4,364.5,353.0,
2023-02-01,Brooklyn,3.0,2657.6,304.1,309.8,40.1
2023-02-01,Queens,4.0,2250.9,295.0,315.5,
2023-02-01,Bronx,2.0,3071.9,177.8,298.0,
2023-02-01,Manhattan,1.0,2185.8,205.4,207.5,
2023-02-01,Bronx,2.0,1876.9,237.8,305.3,27.3
2023-02-01,Manhattan,1.0,1610.8,342.4,252.2,
2023-02-01,Bronx,2.0,1723.4,112.3,132.6,
2023-02-01,Bronx,2.0,3241.5,195.0,278.9,
2023-02-01,Queens,4.0,5231.7,582.0,617.6,
2023-02-01,Manhattan,1.0,2434.2,430.2,337.0,8.0
2023-02-01,Bronx,2.0,2974.3,225.7,377.2,
2023-02-01,Brooklyn,3.0,2713.8,202.7,310.4,
2023-02-01,Queens,4.0,2885.6,253.8,398.6,
2023-02-01,Brooklyn,3.0,3456.6,237.7,355.4,
2023-02-01,Queens,4.0,3912.1,320.9,638.7,
2023-02-01,Brooklyn,3.0,3605.6,408.4,272.2,
2023-02-01,Manhattan,1.0,1830.7,198.1,217.3,
2023-02-01,Staten Island,5.0,4347.4,545.5,515.1,
2023-02-01,Bronx,2.0,1928.8,115.7,165.9,
2023-02-01,Brooklyn,3.0,4242.7,431.8,435.7,
2023-02-01,Staten Island,5.0,3247.5,375.5,391.5,
2023-02-01,Bronx,2.0,1812.1,100.3,120.4,
2023-02-01,Brooklyn,3.0,1846.4,79.1,134.0,
2023-02-01,Manhattan,1.0,1098.7,221.0,155.7,
2023-02-01,Manhattan,1.0,2068.8,171.2,154.1,
2023-02-01,Brooklyn,3.0,5814.4,600.7,300.1,
2023-02-01,Brooklyn,3.0,3815.1,178.0,363.4,
2023-02-01,Queens,4.0,2232.4,330.0,340.0,
2023-02-01,Queens,4.0,5309.4,366.4,700.3,
2023-02-01,Queens,4.0,2452.9,175.8,189.2,
2023-02-01,Queens,4.0,3871.3,471.0,554.4,
2023-02-01,Bronx,2.0,2053.6,217.1,277.3,
2023-02-01,Brooklyn,3.0,2553.4,235.0,203.9,
2023-02-01,Queens,4.0,2937.0,324.5,322.8,
2023-02-01,Brooklyn,3.0,2827.5,353.4,372.1,
2023-02-01,Brooklyn,3.0,1777.6,404.9,338.4,81.3
2023-02-01,Brooklyn,3.0,2344.1,429.7,352.8,47.5
2023-02-01,Manhattan,1.0,4238.0,855.1,651.9,
2023-02-01,Brooklyn,3.0,2161.3,250.0,224.8,
2023-02-01,Queens,4.0,2578.0,359.7,370.6,
2023-02-01,Queens,4.0,3497.2,479.7,505.7,
2023-02-01,Brooklyn,3.0,4222.7,407.6,495.9,
2023-02-01,Queens,4.0,3831.7,289.6,423.3,
2023-02-01,Manhattan,1.0,3785.3,788.7,636.8,50.8
2023-02-01,Staten Island,5.0,4157.2,441.6,529.7,
2023-02-01,Brooklyn,3.0,1689.2,144.9,192.9,
2023-02-01,Bronx,2.0,1257.1,82.0,118.1,
2023-02-01,Brooklyn,3.0,3790.4,417.8,407.6,
2023-02-01,Queens,4.0,3321.3,261.6,430.7,
2023-02-01,Manhattan,1.0,1192.3,306.7,212.5,
2023-02-01,Manhattan,1.0,2325.0,265.8,247.5,
2023-02-01,Bronx,2.0,2369.2,209.6,281.8,
2023-02-01,Manhattan,1.0,2074.2,387.4,315.3,
2023-03-01,Brooklyn,3.0,3320.0,409.7,430.0,
2023-03-01,Manhattan,1.0,2383.2,210.3,180.6,
2023-03-01,Manhattan,1.0,4471.7,424.3,487.9,
2023-03-01,Queens,4.0,3991.3,565.2,572.5,14.3
2023-03-01,Queens,4.0,3564.2,411.1,392.0,14.4
2023-03-01,Brooklyn,3.0,2194.2,103.2,164.4,
2023-03-01,Manhattan,1.0,1221.7,261.9,172.9,
2023-03-01,Queens,4.0,6231.7,444.1,830.1,19.7
2023-03-01,Queens,4.0,4715.5,398.4,759.9,21.1
2023-03-01,Brooklyn,3.0,6132.4,696.1,435.8,23.6
2023-03-01,Brooklyn,3.0,4491.6,216.5,438.2,
2023-03-01,Bronx,2.0,3637.5,298.2,535.2,
2023-03-01,Manhattan,1.0,4234.8,931.2,707.7,60.7
2023-03-01,Manhattan,1.0,2505.8,253.8,243.8,
2023-03-01,Brooklyn,3.0,1982.3,172.4,229.5,
2023-03-01,Brooklyn,3.0,4233.4,480.8,328.8,
2023-03-01,Queens,4.0,3443.0,304.2,469.2,6.7
2023-03-01,Queens,4.0,6027.9,682.2,714.5,23.4
2023-03-01,Manhattan,1.0,2711.6,520.2,406.3,9.6
2023-03-01,Queens,4.0,2651.4,390.0,399.3,25.3
2023-03-01,Bronx,2.0,3841.6,231.2,309.7,
2023-03-01,Bronx,2.0,3225.1,204.0,306.2,
2023-03-01,Queens,4.0,3868.4,304.2,474.0,5.0
2023-03-01,Manhattan,1.0,1762.9,389.8,278.9,
2023-03-01,Brooklyn,3.0,4072.6,288.9,411.6,
2023-03-01,Brooklyn,3.0,3030.7,363.4,359.6,50.1
2023-03-01,Brooklyn,3.0,2029.4,478.9,390.9,101.8
2023-03-01,Bronx,2.0,2213.9,282.4,338.4,40.9
2023-03-01,Brooklyn,3.0,2927.8,291.5,250.5,
2023-03-01,Queens,4.0,2935.6,416.1,394.4,4.2
2023-03-01,Bronx,2.0,2246.0,149.9,187.7,
2023-03-01,Queens,4.0,4445.2,555.6,646.2,15.6
2023-03-01,Manhattan,1.0,2679.6,318.0,304.0,
2023-03-01,Queens,4.0,3648.9,390.2,479.3,16.3
2023-03-01,Brooklyn,3.0,2504.7,283.9,255.2,
2023-03-01,Brooklyn,3.0,7455.8,770.5,386.9,
2023-03-01,Brooklyn,3.0,3134.9,236.4,354.8,
2023-03-01,Bronx,2.0,3597.0,219.5,354.0,
2023-03-01,Manhattan,1.0,1319.5,363.6,246.4,
2023-03-01,Staten Island,5.0,4950.3,519.4,621.9,
2023-03-01,Staten Island,5.0,5066.9,653.0,616.1,
2023-03-01,Brooklyn,3.0,4946.5,514.7,500.6,
2023-03-01,Brooklyn,3.0,4569.0,515.3,489.2,
2023-03-01,Bronx,2.0,2089.9,141.1,159.3,
2023-03-01,Staten Island,5.0,3934.8,467.6,478.8,
2023-03-01,Queens,4.0,2657.5,370.1,369.5,7.6
2023-03-01,Brooklyn,3.0,5004.8,492.6,594.1,
2023-03-01,Queens,4.0,3039.8,241.9,239.0,7.8
2023-03-01,Manhattan,1.0,4661.6,1004.9,736.2,
2023-03-01,Manhattan,1.0,2276.8,458.1,369.7,
2023-03-01,Bronx,2.0,2445.2,264.0,315.8,
2023-03-01,Brooklyn,3.0,4758.4,441.1,417.8,
2023-03-01,Brooklyn,3.0,2662.5,498.3,402.9,55.6
2023-03-01,Queens,4.0,4494.7,338.4,497.3,4.9
2023-03-01,Manhattan,1.0,2084.6,237.4,251.4,
2023-03-01,Bronx,2.0,2204.8,116.7,129.8,
2023-03-01,Bronx,2.0,2888.4,258.8,319.6,
2023-03-01,Bronx,2.0,1511.2,114.8,149.0,
2023-03-01,Bronx,2.0,3478.3,278.7,439.5,
2023-04-01,Manhattan,1.0,2200.7,189.6,166.9,
2023-04-01,Bronx,2.0,3023.6,185.1,305.9,
2023-04-01,Bronx,2.0,1396.3,85.7,121.4,
2023-04-01,Queens,4.0,3719.7,268.1,431.0,20.3
2023-04-01,Staten Island,5.0,5398.5,599.2,614.6,
2023-04-01,Manhattan,1.0,1190.9,222.7,151.4,
2023-04-01,Manhattan,1.0,2587.7,449.8,349.9,9.0
2023-04-01,Brooklyn,3.0,4766.3,476.0,479.8,
2023-04-01,Queens,4.0,3573.6,375.6,470.0,106.0
2023-04-01,Brooklyn,3.0,3945.0,262.0,375.7,
2023-04-01,Manhattan,1.0,2329.5,214.2,205.2,
2023-04-01,Brooklyn,3.0,3007.0,219.6,339.1,
2023-04-01,Queens,4.0,4427.1,300.0,454.6,29.1
2023-04-01,Queens,4.0,3363.3,359.6,367.1,78.5
2023-04-01,Brooklyn,3.0,2897.6,331.1,331.6,55.8
2023-04-01,Bronx,2.0,3529.3,210.1,298.1,
2023-04-01,Manhattan,1.0,2381.7,273.9,262.3,
2023-04-01,Queens,4.0,2784.0,204.1,231.7,65.5
2023-04-01,Brooklyn,3.0,2518.3,459.8,373.9,61.6
2023-04-01,Queens,4.0,2788.8,374.1,375.4,33.4
2023-04-01,Brooklyn,3.0,1932.2,428.5,355.5,114.5
2023-04-01,Queens,4.0,6331.9,420.8,798.5,207.9
2023-04-01,Bronx,2.0,2076.6,260.5,319.6,39.9
2023-04-01,Manhattan,1.0,1937.3,214.5,235.5,
2023-04-01,Manhattan,1.0,1707.7,358.9,268.7,
2023-04-01,Queens,4.0,2490.1,311.9,336.9,50.0
2023-04-01,Manhattan,1.0,2193.7,412.0,335.6,
2023-04-01,Brooklyn,3.0,3895.2,374.5,287.5,
2023-04-01,Bronx,2.0,2012.9,104.6,127.2,
2023-04-01,Brooklyn,3.0,2072.4,87.6,150.7,
2023-04-01,Bronx,2.0,3252.6,238.7,402.6,
2023-04-01,Manhattan,1.0,3992.7,866.6,669.9,59.5
2023-04-01,Staten Island,5.0,3973.3,422.9,473.0,
2023-04-01,Brooklyn,3.0,1912.6,151.5,201.7,
2023-04-01,Bronx,2.0,2062.2,122.6,169.5,
2023-04-01,Queens,4.0,5949.6,652.1,686.5,117.2
2023-04-01,Queens,4.0,4920.3,371.6,756.0,151.4
2023-04-01,Brooklyn,3.0,2263.6,250.8,235.6,
2023-04-01,Bronx,2.0,1919.8,113.6,144.1,
2023-04-01,Queens,4.0,4365.1,507.2,626.5,95.5
2023-04-01,Brooklyn,3.0,4326.7,385.9,386.7,
2023-04-01,Bronx,2.0,3496.3,201.7,344.9,
2023-04-01,Staten Island,5.0,4975.1,478.5,617.6,
2023-04-01,Queens,4.0,3551.2,296.6,471.7,54.9
2023-04-01,Brooklyn,3.0,4196.4,445.2,460.8,
2023-04-01,Queens,4.0,3785.9,508.7,536.7,76.5
2023-04-01,Queens,4.0,2671.5,362.6,388.9,136.3
2023-04-01,Brooklyn,3.0,2669.4,246.4,216.5,
2023-04-01,Bronx,2.0,3558.3,272.5,500.5,
2023-04-01,Manhattan,1.0,1257.4,331.7,223.1,
2023-04-01,Manhattan,1.0,4492.2,946.6,697.6,
2023-04-01,Brooklyn,3.0,6418.2,637.4,350.5,
2023-04-01,Brooklyn,3.0,4358.9,184.0,390.7,
2023-04-01,Brooklyn,3.0,5430.1,638.6,386.8,23.9
2023-04-01,Manhattan,1.0,4068.8,361.0,426.2,
2023-04-01,Bronx,2.0,2535.0,248.6,320.2,
2023-04-01,Brooklyn,3.0,5058.9,458.2,567.6,
2023-04-01,Brooklyn,3.0,3215.4,364.4,396.1,
2023-04-01,Bronx,2.0,2836.1,241.0,304.2,
2023-05-01,Brooklyn,3.0,4580.5,283.7,416.9,
2023-05-01,Brooklyn,3.0,4949.0,434.6,415.3,
2023-05-01,Queens,4.0,4075.1,342.1,549.5,71.1
2023-05-01,Queens,4.0,3120.7,410.2,442.9,138.2
2023-05-01,Manhattan,1.0,5012.4,992.3,724.5,
2023-05-01,Manhattan,1.0,1437.0,323.7,224.5,
2023-05-01,Brooklyn,3.0,2118.8,174.6,230.7,
2023-05-01,Brooklyn,3.0,5894.3,632.3,413.9,28.1
2023-05-01,Queens,4.0,4903.7,578.1,684.3,105.2
2023-05-01,Queens,4.0,3850.9,404.0,398.2,75.4
2023-05-01,Brooklyn,3.0,3429.3,236.4,359.4,
2023-05-01,Bronx,2.0,1571.0,83.5,125.3,
2023-05-01,Queens,4.0,3147.5,424.8,432.4,36.2
2023-05-01,Queens,4.0,4092.4,424.2,528.2,143.0
2023-05-01,Queens,4.0,6748.4,693.7,747.4,139.3
2023-05-01,Brooklyn,3.0,2836.4,504.0,411.2,64.8
2023-05-01,Manhattan,1.0,2481.8,205.1,188.6,
2023-05-01,Bronx,2.0,4259.6,300.5,574.8,
2023-05-01,Bronx,2.0,2891.3,258.8,338.9,
2023-05-01,Bronx,2.0,3678.9,275.9,443.4,
2023-05-01,Manhattan,1.0,2977.9,449.0,357.2,11.7
2023-05-01,Manhattan,1.0,4593.2,906.6,686.6,64.7
2023-05-01,Bronx,2.0,3991.5,242.3,326.4,
2023-05-01,Queens,4.0,5855.4,429.0,842.9,185.1
2023-05-01,Brooklyn,3.0,6927.4,658.0,336.6,
2023-05-01,Manhattan,1.0,4710.9,400.7,467.9,
2023-05-01,Queens,4.0,3285.5,228.5,251.7,75.3
2023-05-01,Manhattan,1.0,1963.8,420.5,302.3,
2023-05-01,Staten Island,5.0,6317.7,665.9,705.9,
2023-05-01,Queens,4.0,5022.6,334.4,492.2,34.9
2023-05-01,Brooklyn,3.0,5360.1,498.4,501.8,
2023-05-01,Bronx,2.0,3194.8,258.9,326.1,
2023-05-01,Manhattan,1.0,2505.2,415.2,332.7,
2023-05-01,Bronx,2.0,2327.9,127.4,144.6,
2023-05-01,Queens,4.0,7310.6,467.9,903.9,285.4
2023-05-01,Queens,4.0,4180.7,310.9,466.6,23.3
2023-05-01,Bronx,2.0,2389.8,293.9,355.8,43.7
2023-05-01,Staten Island,5.0,5768.2,537.9,678.0,
2023-05-01,Brooklyn,3.0,5868.5,506.8,608.1,
2023-05-01,Brooklyn,3.0,4715.3,491.5,488.4,
2023-05-01,Staten Island,5.0,4591.1,469.0,516.8,
2023-05-01,Manhattan,1.0,2205.1,214.1,240.0,
2023-05-01,Brooklyn,3.0,2634.8,300.9,275.1,
2023-05-01,Brooklyn,3.0,3622.5,413.1,435.9,
2023-05-01,Brooklyn,3.0,2427.0,92.8,155.4,
2023-05-01,Manhattan,1.0,1353.7,265.3,180.8,
2023-05-01,Brooklyn,3.0,3076.5,266.2,222.5,
2023-05-01,Brooklyn,3.0,4499.5,446.7,349.8,
2023-05-01,Bronx,2.0,3985.4,210.8,354.1,
2023-05-01,Queens,4.0,4216.3,588.4,608.6,93.7
2023-05-01,Manhattan,1.0,2598.0,242.1,233.2,
2023-05-01,Brooklyn,3.0,3248.8,362.2,365.8,61.2
2023-05-01,Bronx,2.0,3384.3,199.2,325.8,
2023-05-01,Queens,4.0,2761.6,346.5,364.4,54.0
2023-05-01,Brooklyn,3.0,2199.0,468.6,385.7,123.4
2023-05-01,Brooklyn,3.0,4980.6,226.1,457.3,
2023-05-01,Bronx,2.0,2213.8,143.6,182.9,
2023-05-01,Manhattan,1.0,2804.1,295.6,280.7,
2023-05-01,Bronx,2.0,2397.0,153.6,229.1,
2023-06-01,Queens,4.0,4928.4,361.6,510.8,37.7
2023-06-01,Brooklyn,3.0,5756.5,507.7,633.6,
2023-06-01,Queens,4.0,3259.4,242.0,262.0,77.3
2023-06-01,Manhattan,1.0,4820.6,988.0,714.6,
2023-06-01,Brooklyn,3.0,4748.7,403.5,382.7,
2023-06-01,Brooklyn,3.0,3260.8,239.6,364.3,
2023-06-01,Queens,4.0,3146.4,415.7,412.4,37.8
2023-06-01,Brooklyn,3.0,5488.0,641.7,444.2,24.7
2023-06-01,Bronx,2.0,2711.2,274.2,343.0,
2023-06-01,Staten Island,5.0,4392.1,481.1,522.7,
2023-06-01,Brooklyn,3.0,2027.9,178.9,227.6,
2023-06-01,Manhattan,1.0,4483.9,418.3,468.7,
2023-06-01,Bronx,2.0,2314.0,287.1,338.8,47.1
2023-06-01,Queens,4.0,3961.5,412.3,511.7,133.5
2023-06-01,Brooklyn,3.0,6611.3,602.4,341.5,
2023-06-01,Brooklyn,3.0,4780.3,218.0,441.8,
2023-06-01,Manhattan,1.0,2419.7,476.1,372.5,
2023-06-01,Manhattan,1.0,2100.8,239.3,263.4,
2023-06-01,Brooklyn,3.0,2154.5,487.9,390.9,114.7
2023-06-01,Queens,4.0,4764.5,578.2,680.3,88.6
2023-06-01,Bronx,2.0,3520.1,273.4,437.9,
2023-06-01,Manhattan,1.0,1281.2,256.0,167.4,
2023-06-01,Brooklyn,3.0,4554.3,493.4,484.3,
2023-06-01,Bronx,2.0,3253.6,267.8,332.2,
2023-06-01,Bronx,2.0,3770.0,224.4,376.1,
2023-06-01,Queens,4.0,3776.9,406.3,393.9,68.2
2023-06-01,Queens,4.0,3063.1,404.8,417.0,109.8
2023-06-01,Staten Island,5.0,5807.9,684.3,698.2,
2023-06-01,Queens,4.0,6635.0,707.8,745.6,111.9
2023-06-01,Brooklyn,3.0,4445.0,297.5,425.2,
2023-06-01,Bronx,2.0,2080.0,117.4,145.7,
2023-06-01,Queens,4.0,4054.7,569.3,583.6,84.5
2023-06-01,Manhattan,1.0,1812.8,377.7,268.7,
2023-06-01,Manhattan,1.0,2785.8,517.5,394.5,10.5
2023-06-01,Queens,4.0,7161.3,492.9,915.3,271.6
2023-06-01,Brooklyn,3.0,2522.3,282.6,265.1,
2023-06-01,Manhattan,1.0,2517.3,256.3,241.7,
2023-06-01,Bronx,2.0,2243.9,131.7,138.9,
2023-06-01,Queens,4.0,5776.3,438.9,854.6,167.8
2023-06-01,Brooklyn,3.0,3187.4,358.7,367.4,65.0
2023-06-01,Brooklyn,3.0,2951.4,284.3,239.4,
2023-06-01,Brooklyn,3.0,4174.4,420.7,347.8,
2023-06-01,Bronx,2.0,2253.3,131.5,172.2,
2023-06-01,Staten Island,5.0,5610.9,541.2,673.3,
2023-06-01,Brooklyn,3.0,2750.9,492.5,396.0,63.3
2023-06-01,Manhattan,1.0,2397.8,188.5,163.8,
2023-06-01,Bronx,2.0,3257.9,192.0,318.9,
2023-06-01,Queens,4.0,4105.5,324.9,482.2,27.8
2023-06-01,Manhattan,1.0,2583.5,314.4,282.7,
2023-06-01,Brooklyn,3.0,2308.8,97.5,154.8,
2023-06-01,Manhattan,1.0,1355.9,377.3,263.4,
2023-06-01,Queens,4.0,2754.1,362.3,370.4,56.5
2023-06-01,Queens,4.0,3943.6,346.0,539.8,66.3
2023-06-01,Brooklyn,3.0,3658.8,416.2,431.7,
2023-06-01,Bronx,2.0,4087.6,304.1,576.3,
2023-06-01,Manhattan,1.0,4408.2,931.7,704.4,56.3
2023-06-01,Brooklyn,3.0,5276.6,516.0,514.2,
2023-06-01,Bronx,2.0,3830.8,235.1,313.4,
2023-06-01,Bronx,2.0,1540.7,111.3,157.4,
2023-07-01,Queens,4.0,7390.4,480.7,942.3,250.8
2023-07-01,Queens,4.0,4698.8,555.4,665.0,92.8
2023-07-01,Bronx,2.0,4128.4,323.4,580.3,
2023-07-01,Bronx,2.0,2125.6,129.2,142.7,
2023-07-01,Manhattan,1.0,1187.1,222.4,140.1,
2023-07-01,Brooklyn,3.0,1967.6,437.3,339.0,93.0
2023-07-01,Brooklyn,3.0,2534.8,287.1,246.7,
2023-07-01,Queens,4.0,4170.3,319.8,477.9,24.2
2023-07-01,Manhattan,1.0,4447.7,381.6,442.9,
2023-07-01,Queens,4.0,4979.9,362.7,495.9,33.3
2023-07-01,Brooklyn,3.0,3936.8,351.8,317.1,
2023-07-01,Bronx,2.0,3239.9,275.1,339.8,
2023-07-01,Bronx,2.0,3303.1,211.3,333.7,
2023-07-01,Queens,4.0,4009.5,425.8,530.7,142.5
2023-07-01,Manhattan,1.0,2242.5,196.9,168.8,
2023-07-01,Manhattan,1.0,2656.0,473.6,345.2,8.3
2023-07-01,Manhattan,1.0,4284.6,878.0,635.8,
2023-07-01,Queens,4.0,4138.6,582.7,586.3,90.2
2023-07-01,Manhattan,1.0,4018.4,867.5,639.8,54.6
2023-07-01,Staten Island,5.0,5701.6,673.0,661.5,
2023-07-01,Bronx,2.0,3600.5,279.2,441.1,
2023-07-01,Bronx,2.0,1505.6,95.1,127.4,
2023-07-01,Brooklyn,3.0,3239.3,364.8,374.2,53.6
2023-07-01,Brooklyn,3.0,3553.7,430.3,429.9,
2023-07-01,Brooklyn,3.0,2885.7,258.8,221.0,
2023-07-01,Brooklyn,3.0,4651.2,419.9,403.4,
2023-07-01,Brooklyn,3.0,5305.4,538.0,518.8,
2023-07-01,Manhattan,1.0,1238.0,306.5,201.3,
2023-07-01,Manhattan,1.0,2475.0,225.8,210.8,
2023-07-01,Bronx,2.0,2772.3,282.9,349.3,
2023-07-01,Queens,4.0,3739.3,404.2,400.2,60.5
2023-07-01,Queens,4.0,3363.8,246.2,278.2,74.7
2023-07-01,Brooklyn,3.0,4507.7,548.2,410.8,25.2
2023-07-01,Bronx,2.0,2078.2,121.6,147.9,
2023-07-01,Bronx,2.0,2257.2,289.9,342.6,36.2
2023-07-01,Bronx,2.0,3886.1,256.0,330.6,
2023-07-01,Staten Island,5.0,4390.3,488.2,515.4,
2023-07-01,Brooklyn,3.0,3350.5,254.2,363.3,
2023-07-01,Brooklyn,3.0,2419.5,89.8,157.8,
2023-07-01,Queens,4.0,2980.0,410.1,418.2,102.6
2023-07-01,Brooklyn,3.0,5070.6,494.3,289.5,
2023-07-01,Brooklyn,3.0,2134.0,169.9,217.2,
2023-07-01,Brooklyn,3.0,2587.7,479.6,372.1,55.4
2023-07-01,Queens,4.0,2735.5,357.9,359.2,49.6
2023-07-01,Brooklyn,3.0,4932.1,226.2,435.7,
2023-07-01,Manhattan,1.0,2003.3,226.7,247.5,
2023-07-01,Manhattan,1.0,2288.2,421.4,320.9,
2023-07-01,Bronx,2.0,2314.8,135.5,177.9,
2023-07-01,Brooklyn,3.0,4601.1,301.8,444.2,
2023-07-01,Queens,4.0,3962.6,354.3,556.7,63.0
2023-07-01,Manhattan,1.0,2546.3,296.0,253.5,
2023-07-01,Staten Island,5.0,5596.8,552.6,681.5,
2023-07-01,Manhattan,1.0,1629.8,347.3,236.5,
2023-07-01,Brooklyn,3.0,5810.9,503.0,641.1,
2023-07-01,Queens,4.0,3148.0,415.5,403.7,34.8
2023-07-01,Brooklyn,3.0,4243.9,463.0,467.2,
2023-07-01,Bronx,2.0,3802.1,241.9,381.6,
2023-07-01,Queens,4.0,6821.7,735.8,757.8,101.5
2023-07-01,Queens,4.0,5800.4,432.7,864.1,158.9
2023-08-01,Brooklyn,3.0,4712.2,401.7,375.7,
2023-08-01,Manhattan,1.0,2803.3,518.5,369.8,11.1
2023-08-01,Brooklyn,3.0,4316.0,456.4,449.0,
2023-08-01,Queens,4.0,3062.6,410.1,431.1,106.6
2023-08-01,Queens,4.0,4150.2,579.4,584.2,93.4
2023-08-01,Staten Island,5.0,4393.3,473.0,501.5,
2023-08-01,Manhattan,1.0,4505.1,436.4,509.2,
2023-08-01,Queens,4.0,3866.6,406.8,392.5,60.9
2023-08-01,Manhattan,1.0,2316.6,224.2,186.7,
2023-08-01,Bronx,2.0,2137.3,152.6,184.1,
2023-08-01,Brooklyn,3.0,2936.4,282.6,235.3,
2023-08-01,Manhattan,1.0,2389.0,457.2,340.0,
2023-08-01,Bronx,2.0,2326.6,299.6,354.9,45.4
2023-08-01,Queens,4.0,3276.8,232.2,265.2,69.8
2023-08-01,Manhattan,1.0,2083.6,241.3,240.2,
2023-08-01,Bronx,2.0,3589.2,288.3,458.9,
2023-08-01,Bronx,2.0,3827.8,232.1,380.9,
2023-08-01,Brooklyn,3.0,4929.5,598.2,440.5,25.5
2023-08-01,Brooklyn,3.0,4103.0,424.4,354.4,
2023-08-01,Manhattan,1.0,1734.2,388.0,258.7,
2023-08-01,Brooklyn,3.0,5056.4,233.9,474.5,
2023-08-01,Brooklyn,3.0,4632.2,303.1,452.3,
2023-08-01,Queens,4.0,7387.6,482.0,942.4,244.6
2023-08-01,Brooklyn,3.0,2553.5,301.4,275.6,
2023-08-01,Queens,4.0,4788.3,561.9,683.3,101.1
2023-08-01,Manhattan,1.0,1300.9,314.3,205.4,
2023-08-01,Bronx,2.0,2331.2,161.9,211.8,
2023-08-01,Queens,4.0,4097.8,410.8,525.9,135.2
2023-08-01,Brooklyn,3.0,5223.0,516.2,298.1,
2023-08-01,Brooklyn,3.0,3417.5,244.4,367.1,
2023-08-01,Brooklyn,3.0,3227.9,361.9,357.5,54.9
2023-08-01,Queens,4.0,3995.5,327.7,540.7,65.1
2023-08-01,Bronx,2.0,3923.0,242.9,321.2,
2023-08-01,Bronx,2.0,2165.4,131.2,150.4,
2023-08-01,Brooklyn,3.0,2120.2,182.7,218.0,
2023-08-01,Manhattan,1.0,2520.1,262.9,251.0,
2023-08-01,Manhattan,1.0,4460.2,925.1,637.5,
2023-08-01,Manhattan,1.0,2694.1,345.7,283.4,
2023-08-01,Bronx,2.0,3226.1,262.2,330.6,
2023-08-01,Staten Island,5.0,5771.5,679.5,660.2,
2023-08-01,Brooklyn,3.0,5335.5,507.2,498.2,
2023-08-01,Manhattan,1.0,4133.0,873.7,638.3,54.9
2023-08-01,Brooklyn,3.0,3578.5,415.9,419.6,
2023-08-01,Queens,4.0,2774.2,350.1,365.6,53.7
2023-08-01,Queens,4.0,3231.8,438.4,423.2,34.5
2023-08-01,Bronx,2.0,2822.7,275.7,342.3,
2023-08-01,Bronx,2.0,1553.4,107.5,151.6,
2023-08-01,Brooklyn,3.0,2013.6,450.3,338.5,100.8
2023-08-01,Queens,4.0,4230.5,336.3,481.9,25.4
2023-08-01,Bronx,2.0,3341.8,204.1,331.7,
2023-08-01,Bronx,2.0,4204.0,327.3,573.5,
2023-08-01,Brooklyn,3.0,2428.9,96.6,161.7,
2023-08-01,Brooklyn,3.0,5918.6,524.2,639.4,
2023-08-01,Queens,4.0,5785.1,430.8,866.4,153.0
2023-08-01,Brooklyn,3.0,2738.5,488.1,376.2,54.9
2023-08-01,Staten Island,5.0,5675.2,542.2,655.0,
2023-08-01,Queens,4.0,5086.1,349.4,517.6,35.6
2023-08-01,Manhattan,1.0,1245.9,279.4,167.8,
2023-08-01,Queens,4.0,6975.4,722.0,765.8,122.2
2023-09-01,Brooklyn,3.0,2040.5,178.6,223.0,
2023-09-01,Bronx,2.0,3575.0,276.3,433.7,
2023-09-01,Manhattan,1.0,1296.0,269.0,156.9,
2023-09-01,Manhattan,1.0,2548.9,354.8,260.7,
2023-09-01,Bronx,2.0,3077.2,271.2,321.5,
2023-09-01,Bronx,2.0,2258.9,131.6,140.4,
2023-09-01,Brooklyn,3.0,2217.4,94.1,158.4,
2023-09-01,Bronx,2.0,1513.8,100.6,143.7,
2023-09-01,Brooklyn,3.0,3445.9,433.3,420.8,
2023-09-01,Queens,4.0,3051.6,431.2,397.7,27.9
2023-09-01,Brooklyn,3.0,3091.3,304.2,251.6,
2023-09-01,Queens,4.0,2716.4,361.0,364.4,47.6
2023-09-01,Brooklyn,3.0,4866.7,458.4,411.7,
2023-09-01,Manhattan,1.0,1816.3,414.4,250.2,
2023-09-01,Manhattan,1.0,1398.6,392.1,239.1,
2023-09-01,Manhattan,1.0,2522.0,249.6,228.7,
2023-09-01,Queens,4.0,4038.6,316.4,474.6,23.8
2023-09-01,Manhattan,1.0,4367.6,1034.0,696.4,60.1
2023-09-01,Manhattan,1.0,2420.0,510.7,349.1,
2023-09-01,Manhattan,1.0,2093.2,293.0,260.9,
2023-09-01,Queens,4.0,4578.2,567.3,663.7,81.8
2023-09-01,Bronx,2.0,2152.3,126.9,147.2,
2023-09-01,Bronx,2.0,3867.0,246.7,312.5,
2023-09-01,Brooklyn,3.0,3266.7,248.3,355.4,
2023-09-01,Brooklyn,3.0,2115.6,536.3,367.0,102.3
2023-09-01,Staten Island,5.0,4207.1,464.4,457.5,
2023-09-01,Brooklyn,3.0,2499.8,291.9,246.7,
2023-09-01,Manhattan,1.0,2782.8,559.3,372.3,7.6
2023-09-01,Brooklyn,3.0,5880.5,754.9,417.8,23.4
2023-09-01,Queens,4.0,6669.6,461.8,895.2,241.7
2023-09-01,Queens,4.0,4729.5,359.8,502.1,33.0
2023-09-01,Bronx,2.0,3965.5,312.3,564.5,
2023-09-01,Brooklyn,3.0,3127.6,378.1,362.1,57.2
2023-09-01,Queens,4.0,3827.1,406.3,484.2,113.4
2023-09-01,Bronx,2.0,2672.7,285.9,346.9,
2023-09-01,Brooklyn,3.0,2749.4,559.5,386.5,59.2
2023-09-01,Brooklyn,3.0,5332.4,548.1,501.5,
2023-09-01,Queens,4.0,4024.3,597.4,571.5,83.5
2023-09-01,Manhattan,1.0,4530.3,417.8,457.4,
2023-09-01,Bronx,2.0,3293.3,203.0,325.9,
2023-09-01,Bronx,2.0,3722.1,235.3,360.6,
2023-09-01,Bronx,2.0,2345.8,299.1,338.6,42.3
2023-09-01,Manhattan,1.0,4900.2,1107.2,710.2,
2023-09-01,Bronx,2.0,2290.8,136.2,173.3,
2023-09-01,Queens,4.0,3622.3,314.0,509.5,45.7
2023-09-01,Staten Island,5.0,5247.5,542.0,617.6,
2023-09-01,Queens,4.0,3738.6,428.9,386.8,57.0
2023-09-01,Manhattan,1.0,2349.5,202.9,161.1,
2023-09-01,Brooklyn,3.0,5614.4,508.9,607.1,
2023-09-01,Brooklyn,3.0,4313.7,430.5,308.8,
2023-09-01,Queens,4.0,6543.8,741.3,752.1,101.9
2023-09-01,Brooklyn,3.0,4359.8,302.9,411.7,
2023-09-01,Queens,4.0,3121.1,238.1,263.2,71.7
2023-09-01,Queens,4.0,5291.5,428.4,781.3,120.7
2023-09-01,Brooklyn,3.0,7189.8,837.3,350.7,
2023-09-01,Brooklyn,3.0,4648.0,219.6,415.4,
2023-09-01,Queens,4.0,2897.8,399.7,402.8,93.0
2023-09-01,Staten Island,5.0,5559.1,667.4,627.2,
2023-09-01,Brooklyn,3.0,4742.1,536.7,483.0,
2023-10-01,Queens,4.0,3032.5,421.7,418.9,134.3
2023-10-01,Brooklyn,3.0,4704.6,520.9,483.2,72.5
2023-10-01,Manhattan,1.0,2655.0,300.1,235.1,
2023-10-01,Queens,4.0,4769.8,585.6,654.0,101.1
2023-10-01,Queens,4.0,3156.1,440.2,397.4,38.1
2023-10-01,Bronx,2.0,3243.8,256.5,314.5,
2023-10-01,Manhattan,1.0,2534.6,240.0,222.9,
2023-10-01,Brooklyn,3.0,6065.0,663.8,409.2,38.1
2023-10-01,Bronx,2.0,4082.1,297.7,543.5,
2023-10-01,Bronx,2.0,2729.8,271.1,329.4,
2023-10-01,Queens,4.0,2712.8,351.7,352.2,66.3
2023-10-01,Bronx,2.0,2169.8,131.4,154.8,
2023-10-01,Queens,4.0,4103.4,311.3,455.0,25.0
2023-10-01,Brooklyn,3.0,3197.2,257.3,229.7,37.9
2023-10-01,Queens,4.0,4112.3,616.4,589.5,88.7
2023-10-01,Bronx,2.0,3384.5,198.1,323.1,
2023-10-01,Bronx,2.0,2416.1,297.9,355.3,43.6
2023-10-01,Bronx,2.0,3800.1,212.3,350.6,
2023-10-01,Brooklyn,3.0,2125.8,177.4,219.5,10.0
2023-10-01,Manhattan,1.0,4453.7,920.0,662.0,58.4
2023-10-01,Brooklyn,3.0,2605.6,314.8,270.3,38.1
2023-10-01,Manhattan,1.0,2446.6,424.4,305.6,
2023-10-01,Bronx,2.0,3677.6,271.6,427.0,
2023-10-01,Queens,4.0,6689.6,729.7,745.4,124.8
2023-10-01,Brooklyn,3.0,4724.5,233.4,418.4,21.7
2023-10-01,Manhattan,1.0,1884.7,414.2,275.9,
2023-10-01,Manhattan,1.0,2144.7,217.7,211.4,
2023-10-01,Manhattan,1.0,1417.4,324.4,213.2,
2023-10-01,Manhattan,1.0,1339.5,275.0,168.0,
2023-10-01,Brooklyn,3.0,3293.8,246.4,341.0,21.8
2023-10-01,Bronx,2.0,3969.2,249.6,336.2,
2023-10-01,Brooklyn,3.0,2283.9,79.4,138.1,13.0
2023-10-01,Manhattan,1.0,2356.1,188.1,157.7,
2023-10-01,Bronx,2.0,2333.6,139.5,146.0,
2023-10-01,Brooklyn,3.0,2320.1,505.7,365.8,96.2
2023-10-01,Manhattan,1.0,4999.9,1008.3,683.9,
2023-10-01,Queens,4.0,3800.1,338.6,495.2,61.7
2023-10-01,Queens,4.0,3915.8,422.4,484.9,147.5
2023-10-01,Brooklyn,3.0,3240.5,386.4,365.4,64.1
2023-10-01,Brooklyn,3.0,4323.7,420.9,339.3,48.5
2023-10-01,Bronx,2.0,1562.7,89.0,124.9,
2023-10-01,Bronx,2.0,2351.7,139.4,196.5,
2023-10-01,Staten Island,5.0,4344.9,451.7,458.9,
2023-10-01,Staten Island,5.0,5519.3,533.7,602.1,
2023-10-01,Queens,4.0,3812.6,426.9,377.2,76.4
2023-10-01,Queens,4.0,3218.9,227.1,243.1,61.3
2023-10-01,Brooklyn,3.0,4921.0,452.3,410.2,60.5
2023-10-01,Queens,4.0,4922.0,342.7,483.3,34.4
2023-10-01,Queens,4.0,5530.9,453.8,765.5,121.0
2023-10-01,Manhattan,1.0,4602.8,388.0,443.2,
2023-10-01,Brooklyn,3.0,5379.7,500.4,576.6,162.7
2023-10-01,Brooklyn,3.0,4382.3,297.7,403.4,52.2
2023-10-01,Staten Island,5.0,5617.9,623.4,575.8,
2023-10-01,Brooklyn,3.0,7048.5,677.3,346.8,34.7
2023-10-01,Brooklyn,3.0,2905.0,513.8,386.3,71.3
2023-10-01,Queens,4.0,6879.6,481.2,848.4,246.2
2023-10-01,Brooklyn,3.0,5428.8,544.5,497.5,28.0
2023-10-01,Brooklyn,3.0,3513.2,436.2,425.7,55.8
2023-10-01,Manhattan,1.0,2835.2,484.4,337.0,9.5
2023-11-01,Queens,4.0,4837.3,357.3,500.5,46.2
2023-11-01,Queens,4.0,5334.0,431.8,755.3,170.6
2023-11-01,Bronx,2.0,2716.0,267.9,325.8,
2023-11-01,Bronx,2.0,2358.9,297.2,346.7,68.4
2023-11-01,Manhattan,1.0,2328.6,220.2,181.0,
2023-11-01,Manhattan,1.0,2096.1,218.4,226.8,
2023-11-01,Brooklyn,3.0,2202.5,105.7,150.5,40.4
2023-11-01,Manhattan,1.0,1270.8,259.5,159.4,
2023-11-01,Queens,4.0,4755.7,593.0,661.4,151.8
2023-11-01,Bronx,2.0,3347.3,192.3,315.7,
2023-11-01,Queens,4.0,3109.5,397.7,403.9,222.6
2023-11-01,Queens,4.0,4088.0,577.2,569.5,112.9
2023-11-01,Brooklyn,3.0,2456.8,291.5,249.6,63.5
2023-11-01,Bronx,2.0,2141.9,146.5,164.6,
2023-11-01,Queens,4.0,6703.2,715.3,729.5,190.7
2023-11-01,Brooklyn,3.0,5176.3,512.1,491.7,48.9
2023-11-01,Bronx,2.0,2317.5,110.4,123.1,
2023-11-01,Brooklyn,3.0,3152.4,240.9,343.3,39.1
2023-11-01,Manhattan,1.0,4553.0,434.7,508.0,
2023-11-01,Manhattan,1.0,2525.4,323.7,274.1,
2023-11-01,Queens,4.0,3858.6,406.5,473.8,197.5
2023-11-01,Queens,4.0,4056.6,327.1,464.9,33.8
2023-11-01,Manhattan,1.0,1323.5,338.1,225.4,
2023-11-01,Manhattan,1.0,2324.9,446.8,336.2,
2023-11-01,Brooklyn,3.0,2164.0,494.2,385.8,139.3
2023-11-01,Queens,4.0,3693.4,322.5,477.1,98.3
2023-11-01,Queens,4.0,2964.7,224.4,233.3,67.0
2023-11-01,Queens,4.0,3058.0,422.7,392.0,50.3
2023-11-01,Bronx,2.0,3976.1,229.4,301.6,
2023-11-01,Bronx,2.0,2322.4,152.3,187.9,
2023-11-01,Manhattan,1.0,4799.5,1051.5,725.1,
2023-11-01,Manhattan,1.0,4446.2,946.5,690.3,71.1
2023-11-01,Manhattan,1.0,1824.9,414.3,279.7,
2023-11-01,Bronx,2.0,3270.2,259.3,315.8,
2023-11-01,Brooklyn,3.0,2734.8,514.8,397.1,120.2
2023-11-01,Brooklyn,3.0,3122.0,356.6,354.5,97.5
2023-11-01,Bronx,2.0,1557.9,99.0,140.7,
2023-11-01,Staten Island,5.0,5382.7,651.6,610.1,
2023-11-01,Queens,4.0,6513.3,462.2,837.3,412.2
2023-11-01,Brooklyn,3.0,2919.8,267.4,235.6,44.7
2023-11-01,Bronx,2.0,3774.4,218.4,358.9,
2023-11-01,Queens,4.0,2665.9,364.3,353.8,139.9
2023-11-01,Brooklyn,3.0,1949.8,163.1,200.6,25.1
2023-11-01,Manhattan,1.0,2684.3,510.2,366.1,8.5
2023-11-01,Queens,4.0,3614.1,393.7,356.1,110.2
2023-11-01,Staten Island,5.0,4100.5,462.7,465.4,
2023-11-01,Staten Island,5.0,5154.3,519.2,594.7,
2023-11-01,Brooklyn,3.0,4704.3,410.9,378.7,121.6
2023-11-01,Brooklyn,3.0,6795.4,643.4,327.1,59.2
2023-11-01,Brooklyn,3.0,4188.6,427.7,316.6,111.0
2023-11-01,Brooklyn,3.0,3431.5,424.0,412.3,72.0
2023-11-01,Brooklyn,3.0,4528.6,495.8,466.0,102.1
2023-11-01,Bronx,2.0,4008.9,298.6,547.9,
2023-11-01,Manhattan,1.0,2549.1,243.2,227.6,
2023-11-01,Brooklyn,3.0,5215.3,525.7,596.1,230.1
2023-11-01,Bronx,2.0,3657.9,287.6,457.0,
2023-11-01,Brooklyn,3.0,4245.8,307.3,407.1,109.6
2023-11-01,Brooklyn,3.0,4656.1,247.2,432.0,50.9
2023-11-01,Brooklyn,3.0,5726.7,659.7,423.2,67.6
2023-12-01,Manhattan,1.0,2316.5,524.6,359.0,
2023-12-01,Bronx,2.0,2144.4,141.6,141.1,
2023-12-01,Brooklyn,3.0,2421.3,324.6,242.8,52.3
2023-12-01,Brooklyn,3.0,1978.6,201.1,218.6,30.1
2023-12-01,Bronx,2.0,3948.9,361.1,567.5,
2023-12-01,Queens,4.0,3001.3,299.0,265.0,51.4
2023-12-01,Queens,4.0,2996.0,489.6,405.4,42.3
2023-12-01,Manhattan,1.0,2097.2,281.3,264.1,
2023-12-01,Bronx,2.0,2351.1,155.4,170.2,
2023-12-01,Manhattan,1.0,2695.6,569.4,381.5,8.1
2023-12-01,Brooklyn,3.0,6851.7,770.3,341.1,53.9
2023-12-01,Bronx,2.0,1560.3,121.8,146.9,
2023-12-01,Brooklyn,3.0,5103.0,620.6,530.5,30.1
2023-12-01,Queens,4.0,3984.1,366.2,488.0,27.1
2023-12-01,Manhattan,1.0,1345.5,406.1,243.6,
2023-12-01,Queens,4.0,2659.1,428.5,379.4,93.1
2023-12-01,Manhattan,1.0,1825.8,415.9,260.4,
2023-12-01,Bronx,2.0,3733.0,269.3,370.6,
2023-12-01,Bronx,2.0,3350.2,244.9,325.0,
2023-12-01,Manhattan,1.0,2452.2,320.5,264.4,
2023-12-01,Queens,4.0,4640.6,421.6,510.0,38.9
2023-12-01,Queens,4.0,4002.1,689.0,589.1,97.6
2023-12-01,Bronx,2.0,3155.6,322.9,328.8,
2023-12-01,Brooklyn,3.0,4206.2,450.4,312.1,117.8
2023-12-01,Bronx,2.0,3984.7,278.6,318.9,
2023-12-01,Brooklyn,3.0,2148.1,595.1,389.4,110.7
2023-12-01,Brooklyn,3.0,5733.3,777.7,410.4,51.5
2023-12-01,Bronx,2.0,2310.4,144.4,132.9,
2023-12-01,Manhattan,1.0,1238.4,283.8,157.7,
2023-12-01,Bronx,2.0,2603.9,353.3,348.8,
2023-12-01,Manhattan,1.0,4568.9,459.3,479.6,
2023-12-01,Brooklyn,3.0,2935.3,323.4,267.9,45.3
2023-12-01,Brooklyn,3.0,3068.8,287.3,364.3,33.8
2023-12-01,Brooklyn,3.0,2774.6,596.2,409.7,115.6
2023-12-01,Queens,4.0,5190.8,532.4,815.4,120.7
2023-12-01,Queens,4.0,3528.6,421.9,505.3,62.8
2023-12-01,Manhattan,1.0,4785.7,1174.5,755.5,
2023-12-01,Brooklyn,3.0,4535.1,280.1,438.3,44.8
2023-12-01,Brooklyn,3.0,4781.0,509.8,426.1,99.8
2023-12-01,Queens,4.0,2921.1,473.0,414.7,160.1
2023-12-01,Queens,4.0,4554.0,702.1,683.9,87.5
2023-12-01,Bronx,2.0,2320.9,333.3,356.0,45.1
2023-12-01,Manhattan,1.0,2284.8,227.6,168.4,
2023-12-01,Brooklyn,3.0,2251.3,119.4,174.1,43.9
2023-12-01,Brooklyn,3.0,3370.6,504.5,441.3,56.0
2023-12-01,Staten Island,5.0,4986.8,672.8,627.2,
2023-12-01,Brooklyn,3.0,5270.5,770.7,642.4,146.6
2023-12-01,Brooklyn,3.0,3094.9,414.1,369.8,63.6
2023-12-01,Staten Island,5.0,5360.2,886.1,665.3,
2023-12-01,Queens,4.0,3749.5,495.0,499.8,121.9
2023-12-01,Manhattan,1.0,4388.6,1080.9,719.5,68.6
2023-12-01,Manhattan,1.0,2535.7,282.6,232.1,
2023-12-01,Staten Island,5.0,3926.4,585.9,479.9,
2023-12-01,Queens,4.0,6434.3,849.2,765.1,125.1
2023-12-01,Brooklyn,3.0,4447.2,582.2,488.3,74.1
2023-12-01,Queens,4.0,3677.0,481.5,390.1,97.2
2023-12-01,Queens,4.0,6542.4,561.6,930.8,321.1
2023-12-01,Brooklyn,3.0,4322.8,366.7,433.6,91.2
2023-12-01,Bronx,2.0,3654.7,325.6,429.3,
